Tweet_count,Username,Text,Created At,Retweets,Likes
1,@globalbmeet,"OpenAI to route sensitive chats to GPT-5 and launch parental controls for teens after recent tragedies and a lawsuit.
Full story: https://t.co/OmudeICOUl

#OpenAI #GPT5 #ChatGPT #AISafety #AI #TechNews #AIUpdate #GBMNews https://t.co/hYnZXsswTx",Wed Sep 03 02:31:08 +0000 2025,0,0
2,@114ink,"INFO LANGGANAN APPREM HARIAN BULANAN FULL GARANSI

NETFLIX CAPCUT CANVA CHATGPT APPLE MUSIC SPOTIFY WETV BSTATION PICSART YOUTUBE PRIME VIDEO YOUKU IQIYI VIU DISNEY+ VIDIO DRAMABOX 

ORDER KE WA DI BIO
#zonauang celim
https://t.co/ZG5u6GL2K8",Wed Sep 03 02:31:05 +0000 2025,0,0
3,@zhanghapgo,"2521. PREMIUM PRO AI HARIAN BULANAN ü©∑üåäüåä

CANVA CAPCUT SCITE GEMINI PERPLEXITY BLACKBOX CHATGPT HUMATA ZOOM SPOTIFY LIGHTROOM DAZZCAM OLDROLL  REMINI APK WINK  GOODNOTES MEITU KILONOTES DEEPL DUOLINGO KAHOOT 

‚òéÔ∏è Ke bio yak
#zonauang https://t.co/U01OK8ekY9",Wed Sep 03 02:31:01 +0000 2025,0,0
4,@afrodudeonabike,"Devs often claim superiority by leveraging AI more effectively than those who see it just as a ""better Google."" 
Dude I would love to see your chat history with coding. ChatGPT is the new Google, and SEO has evolved into Generative Engine Optimization (GEO). https://t.co/CZDpsOuy6C",Wed Sep 03 02:31:01 +0000 2025,0,0
5,@acowfust,"WTS WTB AYO KAK AKU JUAL BELI APK APLIKASI PREMIUM HARIAN BULANAN MURAH &amp; BERGARANSI NIH YUK ORDER

order ? üëáüèª
‚òéÔ∏è https://t.co/g06ozTAaBF

NETFLIX DISNEY+ CANVA VIDIO VIU PRIME VIDIO LOKLOK WETV IQIYI SPOTIFY YOUKU YOUTUBE BSTATION HBO MAX VISION+ CAPCUT CHATGPT GRAMMARLY https://t.co/1u9qtLuSqf",Wed Sep 03 02:31:00 +0000 2025,0,0
6,@nisknla,NEED MAU INFO AKUN LANGGANAN PR√âM√ç√öM PRO WTB JUAL BELI WTS PRO N√âTFL√çX WETV CHATGPT PLUS WATTPAD S√âW√Ä ZOOM GR√ÄMM√ÄRLY Y√ì√öT√öB√â CANVA PRIME VIDIO VIU SCRIBD D√çS√ë√âY CAPCUT LIGHTROOM PICSART LOKLOK HBO MAX QUILLBOT VSCO Z√ì√ë√Ä√ö√Ä√ëG √çL√ìV√âPDF Y√ì√öK√ö √çQ√çY√ç BST√ÄT√ç√ì√ë D√ÄZZ√á√ÄM √á√ÄMS√á√Ä√ë√ë√âR @/931,Wed Sep 03 02:31:00 +0000 2025,0,0
7,@FearlessJ2008,I GET THE SAME WITH CHATGPT BUT A WHOLE LOT CHEAPER!!! ü§£ü§£ https://t.co/CBr82CulKS,Wed Sep 03 02:30:59 +0000 2025,0,0
8,@GreenAndBlackHy,ÂéÑ‰ªã„Å™TS„Ç™„Çø„ÇØ„ÅåChatGPT„Å´Áµ°„ÇÄÊßòÂ≠ê https://t.co/nx19Lk3aDq,Wed Sep 03 02:30:58 +0000 2025,0,0
9,@technavemy,"ChatGPT will launch safety features for teens in late 2025
#TechNave #ChatGPT 
https://t.co/Ipm2UHwqay",Wed Sep 03 02:30:56 +0000 2025,0,0
